s_normalised,s_angstrom,radius_mean_angstrom,radius_std_angstrom,radius_min_angstrom,radius_max_angstrom,hydrophobicity_mean_kcalmol
0.0,0.0,7.643694400052283,0.07243234222741382,7.528252871648567,7.767652420578436,1.1892582553825528
0.006711409395973154,0.2684563758389262,7.554219619266973,0.07318880883549053,7.437560525026001,7.679461938321403,1.1857461207597255
0.013422818791946308,0.5369127516778524,7.472310051222982,0.07389529409211973,7.354513500834695,7.598751523385362,1.1819593125849137
0.020134228187919462,0.8053691275167785,7.3981871148375795,0.0745464709307907,7.27934186449856,7.525733612688786,1.177879814804237
0.026845637583892617,1.0738255033557047,7.091110694023655,0.09341675981280897,6.942275719660529,7.2510242993552865,1.1734888507742953
0.03355704697986577,1.342281879194631,6.997927017718233,0.09450289972450318,6.8473378945955234,7.159679553352394,1.1687669037957749
0.040268456375838924,1.610738255033557,6.912758670694297,0.09551792742040743,6.76052949921961,7.0762291008675575,1.163693745947213
0.04697986577181208,1.8791946308724832,6.835867147975936,0.09645321217021015,6.682126127317735,7.00091996069577,1.1582484760259535
0.053691275167785234,2.1476510067114094,6.572396328096997,0.11280611072388562,6.392745862752087,6.765565818703975,1.1524095674009016
0.060402684563758385,2.4161073825503356,6.475390351399699,0.11426609991708338,6.293373545228199,6.67102462280105,1.146154926566089
0.06711409395973154,2.684563758389262,6.3868728764287575,0.11563167958948255,6.20264129335122,6.58481131565404,1.1394619631535152
0.0738255033557047,2.953020134228188,6.30715265636359,0.11688976153970122,6.120879382674506,6.507212816750587,1.1323076721164023
0.08053691275167785,3.221476510067114,6.087350150389653,0.13059878915175283,5.8794716796619495,6.311078558609358,1.1246687287283006
0.087248322147651,3.48993288590604,5.986435544039945,0.13247913072845968,5.775498116331962,6.21332890025851,1.1165215969578266
0.09395973154362416,3.7583892617449663,5.894504608047922,0.1342398052500131,5.680700300793492,6.124359312100207,1.1078426516720101
0.10067114093959731,4.026845637583892,5.749651949731064,0.14433281799269773,5.520155694507841,5.997112480783452,1.098608314992276
0.10738255033557047,4.295302013422819,5.635723549956813,0.14680159824518602,5.402200763523724,5.88733093473635,1.0887952069754847
0.11409395973154363,4.563758389261745,5.530850941544294,0.14914994913397417,5.293493195655465,5.786398852990749,1.078380310618101
0.12080536912751677,4.832214765100671,5.435477605759746,0.15135175095282977,5.194519855688304,5.6947165011394745,1.0673411509850015
0.12751677852348994,5.100671140939598,5.335561748348726,0.15843013174073098,5.083870305918497,5.607374804176668,1.0556559880467677
0.1342281879194631,5.369127516778524,5.2172151647910665,0.16143282958059524,4.960609036770342,5.49405759081794,1.0433040225723864
0.14093959731543623,5.6375838926174495,5.1083837080833145,0.16429631780815307,4.847083027516955,5.390015949456518,1.0302656141707305
0.1476510067114094,5.906040268456376,5.009585529724212,0.16698520610544534,4.743869551407185,5.2957097556363255,1.0165225103073077
0.15436241610738255,6.174496644295302,4.921324157975517,0.16946285335468234,4.651533647422214,5.211582445043877,1.0020580848467604
0.1610738255033557,6.442953020134228,4.831467421713787,0.1745256798480469,4.55429084988627,5.13096096754384,0.9868575843913724
0.16778523489932887,6.7114093959731544,4.71873792682836,0.17794865352071113,4.435927201566411,5.023938917448066,0.9709083804069626
0.174496644295302,6.97986577181208,4.616591722623313,0.18116834008926339,4.328470689399171,4.927152387799881,0.9542002248563194
0.18120805369127516,7.248322147651006,4.525617759501952,0.18413560351438876,4.232593323228899,4.841110204979478,0.9367255068034097
0.18791946308724833,7.516778523489933,4.446378040460638,0.18680052185110996,4.1489419822202676,4.766293356800894,0.9184795072160832
0.19463087248322147,7.785234899328859,4.361575616859579,0.19015288449536163,4.059615942207543,4.687908721883504,0.8994606489880443
0.20134228187919462,8.053691275167784,4.256231627508452,0.19394198609914465,3.9479942081461536,4.588849508591691,0.8796707390296125
0.2080536912751678,8.322147651006711,4.162719721181237,0.1974344174222551,3.84868204118523,4.501118948209527,0.8591151991480412
0.21476510067114093,8.590604026845638,4.081696361049091,0.2005638723160049,3.7624495840516365,4.425266646577966,0.8378032823581292
0.22147651006711408,8.859060402684563,4.013770362845743,0.20326504127913206,3.6900183577692087,4.361796745686085,0.8157482712379318
0.22818791946308725,9.12751677852349,3.9282191095714403,0.20536136525241291,3.6020630236496545,4.280606366064122,0.7929676549769377
0.2348993288590604,9.395973154362416,3.832429485378228,0.20940596444605422,3.4995213945994763,4.191484595000927,0.769483281858122
0.24161073825503354,9.664429530201343,3.749915191744571,0.2130202305058248,3.4109567146743305,4.114915312925922,0.7453214840723645
0.2483221476510067,9.93288590604027,3.68138320908387,0.21611850177047828,3.337225282189047,4.05146935733885,0.7205131719838037
0.2550335570469799,10.201342281879196,3.6274596323521635,0.21862060570199815,3.2790939239103265,4.001646161947065,0.6950938952459087
0.26174496644295303,10.46979865771812,3.5345510014135586,0.2201076215449049,3.1848163750836864,3.91210269714201,0.6691038685068793
0.2684563758389262,10.738255033557047,3.4509339002019694,0.22421368811607434,3.0942853229338363,3.8352080740845755,0.6425879598340809
0.2751677852348993,11.006711409395972,3.382220528142116,0.2277047836905742,3.0196758786588047,3.77219645274298,0.6155956404237762
0.28187919463087246,11.275167785234899,3.3291275870743933,0.23047792942996703,2.9618876416183966,3.7236234501608854,0.5881808946359439
0.2885906040268456,11.543624161073824,3.268909517116076,0.22960574282307708,2.904274089101263,3.6629017463944895,0.5604020898950818
0.2953020134228188,11.812080536912752,3.1846843703695327,0.23419233424702326,2.812279925372882,3.5861503205959515,0.5323218065159737
0.30201342281879195,12.080536912751679,3.116311412572931,0.23805335911867065,2.737343702073946,3.524050671813156,0.5040066280375227
0.3087248322147651,12.348993288590604,3.064600433889269,0.2410595971556995,2.680507480894401,3.4772125089860237,0.47552689316653973
0.31543624161073824,12.617449664429529,3.029880785388159,0.2425786514244726,2.6426186099926317,3.4438583940345264,0.4469564109358287
0.3221476510067114,12.885906040268456,2.951149309281762,0.24300404579487664,2.5648327887152167,3.3677954790666895,0.41837214115629534
0.32885906040268453,13.154362416107382,2.8837387975141286,0.2471889062546373,2.490262222767874,3.3071492798760582,0.3898538426814863
0.33557046979865773,13.422818791946309,2.834042299039811,0.25036827974795106,2.4351078014116405,3.262577875274001,0.36148369239631817
0.3422818791946309,13.691275167785236,2.8027655402000047,0.25241186123776066,2.4003144681653827,3.234588884162326,0.3333458781826266
0.348993288590604,13.95973154362416,2.750382371049456,0.25069022339231506,2.351915149042388,3.180255398313741,0.3055261693970858
0.35570469798657717,14.228187919463087,2.684651902784681,0.25512604496679986,2.278547024630271,3.1216587221000385,0.27811146861819447
0.3624161073825503,14.496644295302012,2.6376715219568543,0.25839489091034756,2.225917492822979,3.079919570194076,0.25118934857652014
0.36912751677852346,14.765100671140939,2.6101872969977826,0.26034675174992883,2.1950515488404445,3.055558460742372,0.2248475782760359
0.37583892617449666,15.033557046979865,2.5825271531885585,0.2572778763726334,2.1736111327149636,3.023707643090635,0.19917364234583299
0.3825503355704698,15.302013422818792,2.5192745573647857,0.261863665619876,2.102415333603032,2.967794913746028,0.17425425763386856
0.38926174496644295,15.570469798657719,2.475757542938329,0.2651158692615273,2.053242839034461,2.9294665553340513,0.15017489097234063
0.3959731543624161,15.838926174496644,2.452738942817505,0.26686943919376127,2.027167061381377,2.9092398228921694,0.12701928191348125
0.40268456375838924,16.10738255033557,2.4470626956780164,0.2639250079476983,2.024785389472557,2.898397210104846,0.10486897406168752
0.4093959731543624,16.375838926174495,2.38790544640921,0.2673802832092812,1.9621962887144986,2.8458174608770537,0.08380285842023528
0.4161073825503356,16.644295302013422,2.3486083670394287,0.27049273547086244,1.9174570500634045,2.8114643811109588,0.0638967319359422
0.4228187919463087,16.91275167785235,2.3306877994465047,0.2719366395229553,1.8970057087469678,2.795832868558019,0.045222874170753206
0.42953020134228187,17.181208053691275,2.334497392964214,0.2716283833046496,1.901355918448738,2.799154018334924,0.027849644762749624
0.436241610738255,17.449664429530202,2.2909064234707857,0.2716323510528197,1.8583241941331075,2.7560166448682892,0.011841104067603693
0.44295302013422816,17.718120805369125,2.2565471300586504,0.27447523044522204,1.8189721245532222,2.726157226522932,-0.002743340898650368
0.44966442953020136,17.986577181208055,2.244265172225553,0.2755061640037571,1.8048757781239937,2.715504268395831,-0.015849263357860344
0.4563758389261745,18.25503355704698,2.254317593159574,0.2746617922601429,1.816414400237009,2.724222591578456,-0.027427514903018695
0.46308724832214765,18.523489932885905,2.2286767669898393,0.27455733208575694,1.7913086369956663,2.6986933295528472,-0.03743449349706506
0.4697986577181208,18.79194630872483,2.19987908759091,0.27700850797857557,1.7581929594135994,2.6737660296310204,-0.045832380186625554
0.47651006711409394,19.06040268456376,2.193632761630342,0.27754606533833936,1.7509981001825565,2.668367346152803,-0.05258934357990812
0.4832214765100671,19.328859060402685,2.2100733467591485,0.27613572799692016,1.7699260539795032,2.682583167238261,-0.05767971131839332
0.4899328859060403,19.59731543624161,2.2016148549094936,0.2760821674759278,1.7616810383789168,2.6741337785530543,-0.061084107933658364
0.4966442953020134,19.86577181208054,2.178854090552693,0.278043273420904,1.7354605656606552,2.6544659488422386,-0.06278955862523446
0.5033557046979865,20.13422818791946,2.178854090552693,0.27804327342090407,1.735460565660655,2.6544659488422386,-0.06278955862523448
0.5100671140939598,20.402684563758392,2.2016148549094936,0.27608216747592773,1.761681038378917,2.6741337785530543,-0.0610841079336583
0.5167785234899329,20.671140939597315,2.2100733467591485,0.2761357279969201,1.7699260539795034,2.682583167238261,-0.05767971131839339
0.5234899328859061,20.93959731543624,2.193632761630342,0.27754606533833936,1.7509981001825565,2.668367346152803,-0.052589343579908125
0.5302013422818792,21.20805369127517,2.19987908759091,0.27700850797857557,1.7581929594135994,2.6737660296310204,-0.04583238018662557
0.5369127516778524,21.476510067114095,2.2286767669898393,0.27455733208575694,1.7913086369956663,2.6986933295528472,-0.03743449349706507
0.5436241610738255,21.74496644295302,2.254317593159574,0.27466179226014287,1.8164144002370093,2.724222591578456,-0.027427514903018643
0.5503355704697986,22.013422818791945,2.244265172225553,0.2755061640037571,1.8048757781239937,2.715504268395831,-0.01584926335786035
0.5570469798657718,22.28187919463087,2.25654713005865,0.274475230445222,1.818972124553222,2.7261572265229317,-0.002743340898650492
0.5637583892617449,22.550335570469798,2.290906423470785,0.2716323510528197,1.858324194133107,2.756016644868289,0.011841104067603546
0.5704697986577181,22.81879194630872,2.334497392964214,0.2716283833046496,1.901355918448738,2.799154018334924,0.02784964476274962
0.5771812080536912,23.087248322147648,2.3306877994465047,0.2719366395229553,1.8970057087469678,2.795832868558019,0.045222874170752936
0.5838926174496644,23.355704697986575,2.348608367039428,0.27049273547086244,1.9174570500634043,2.8114643811109583,0.06389673193594203
0.5906040268456376,23.624161073825505,2.38790544640921,0.2673802832092812,1.9621962887144986,2.8458174608770537,0.08380285842023527
0.5973154362416108,23.89261744966443,2.4470626956780164,0.2639250079476983,2.024785389472557,2.898397210104846,0.10486897406168773
0.6040268456375839,24.161073825503358,2.452738942817505,0.26686943919376127,2.027167061381377,2.9092398228921694,0.12701928191348108
0.610738255033557,24.42953020134228,2.475757542938329,0.2651158692615273,2.053242839034461,2.9294665553340513,0.15017489097234063
0.6174496644295302,24.697986577181208,2.5192745573647857,0.261863665619876,2.102415333603032,2.967794913746028,0.17425425763386856
0.6241610738255033,24.966442953020135,2.5825271531885585,0.2572778763726334,2.1736111327149636,3.023707643090635,0.19917364234583299
0.6308724832214765,25.234899328859058,2.610187296997782,0.26034675174992905,2.195051548840444,3.055558460742372,0.22484757827603577
0.6375838926174496,25.503355704697984,2.6376715219568534,0.2583948909103478,2.225917492822978,3.079919570194076,0.2511893485765196
0.6442953020134228,25.77181208053691,2.684651902784681,0.2551260449667999,2.2785470246302704,3.1216587221000385,0.27811146861819425
0.6510067114093959,26.040268456375838,2.7503823710494553,0.2506902233923151,2.3519151490423877,3.180255398313741,0.3055261693970856
0.6577181208053691,26.308724832214764,2.8027655402000047,0.25241186123776066,2.4003144681653827,3.234588884162326,0.3333458781826266
0.6644295302013423,26.577181208053695,2.834042299039811,0.25036827974795106,2.4351078014116405,3.262577875274001,0.36148369239631795
0.6711409395973155,26.845637583892618,2.8837387975141286,0.2471889062546373,2.490262222767874,3.3071492798760582,0.3898538426814863
0.6778523489932886,27.114093959731544,2.951149309281762,0.24300404579487664,2.5648327887152167,3.3677954790666895,0.41837214115629534
0.6845637583892618,27.38255033557047,3.029880785388159,0.24257865142447255,2.642618609992632,3.4438583940345264,0.446956410935829
0.6912751677852349,27.651006711409394,3.0646004338892694,0.24105959715569975,2.6805074808944016,3.4772125089860246,0.47552689316653984
0.697986577181208,27.91946308724832,3.116311412572931,0.2380533591186707,2.737343702073946,3.524050671813156,0.5040066280375225
0.7046979865771812,28.187919463087248,3.1846843703695327,0.23419233424702326,2.812279925372882,3.5861503205959515,0.5323218065159737
0.7114093959731543,28.456375838926174,3.2689095171160756,0.22960574282307708,2.9042740891012624,3.662901746394489,0.5604020898950816
0.7181208053691275,28.7248322147651,3.3291275870743933,0.23047792942996703,2.9618876416183966,3.7236234501608854,0.588180894635944
0.7248322147651006,28.993288590604024,3.3822205281421143,0.2277047836905742,3.019675878658804,3.772196452742979,0.6155956404237758
0.7315436241610738,29.26174496644295,3.450933900201969,0.22421368811607462,3.094285322933836,3.8352080740845755,0.6425879598340806
0.7382550335570469,29.530201342281877,3.534551001413558,0.22010762154490504,3.184816375083686,3.9121026971420094,0.6691038685068789
0.7449664429530202,29.798657718120808,3.627459632352165,0.21862060570199812,3.2790939239103283,4.0016461619470665,0.6950938952459094
0.7516778523489933,30.06711409395973,3.6813832090838696,0.2161185017704784,3.3372252821890465,4.05146935733885,0.7205131719838035
0.7583892617449665,30.335570469798657,3.7499151917445706,0.21302023050582491,3.41095671467433,4.114915312925922,0.7453214840723645
0.7651006711409396,30.604026845637584,3.832429485378228,0.20940596444605422,3.4995213945994763,4.191484595000927,0.769483281858122
0.7718120805369127,30.87248322147651,3.928219109571441,0.20536136525241272,3.602063023649655,4.280606366064122,0.792967654976938
0.7785234899328859,31.140939597315437,4.013770362845743,0.20326504127913217,3.690018357769209,4.361796745686086,0.8157482712379318
0.785234899328859,31.40939597315436,4.08169636104909,0.20056387231600492,3.762449584051636,4.425266646577965,0.8378032823581292
0.7919463087248322,31.677852348993287,4.162719721181237,0.19743441742225504,3.8486820411852296,4.501118948209526,0.859115199148041
0.7986577181208053,31.946308724832214,4.256231627508452,0.1939419860991448,3.947994208146153,4.588849508591691,0.8796707390296123
0.8053691275167785,32.21476510067114,4.361575616859578,0.1901528844953616,4.059615942207543,4.687908721883504,0.8994606489880443
0.8120805369127516,32.48322147651007,4.446378040460637,0.18680052185111015,4.148941982220266,4.766293356800893,0.9184795072160831
0.8187919463087248,32.75167785234899,4.5256177595019516,0.18413560351438882,4.2325933232288975,4.841110204979477,0.9367255068034093
0.825503355704698,33.02013422818792,4.616591722623313,0.18116834008926339,4.328470689399171,4.927152387799881,0.9542002248563193
0.8322147651006712,33.288590604026844,4.718737926828361,0.17794865352071143,4.435927201566412,5.023938917448068,0.9709083804069626
0.8389261744966443,33.557046979865774,4.831467421713788,0.17452567984804704,4.554290849886271,5.130960967543841,0.9868575843913724
0.8456375838926175,33.8255033557047,4.921324157975517,0.16946285335468234,4.651533647422214,5.211582445043877,1.0020580848467604
0.8523489932885906,34.09395973154362,5.009585529724211,0.16698520610544534,4.743869551407184,5.295709755636325,1.0165225103073074
0.8590604026845637,34.36241610738255,5.1083837080833145,0.16429631780815307,4.847083027516955,5.390015949456518,1.030265614170731
0.8657718120805369,34.630872483221474,5.217215164791065,0.1614328295805953,4.96060903677034,5.494057590817938,1.043304022572386
0.87248322147651,34.899328859060404,5.335561748348725,0.15843013174073098,5.083870305918496,5.607374804176667,1.0556559880467675
0.8791946308724832,35.16778523489933,5.435477605759745,0.15135175095282963,5.194519855688303,5.694716501139474,1.0673411509850015
0.8859060402684563,35.43624161073825,5.530850941544294,0.14914994913397434,5.293493195655463,5.786398852990748,1.0783803106181002
0.8926174496644295,35.70469798657718,5.635723549956813,0.14680159824518602,5.402200763523724,5.88733093473635,1.0887952069754847
0.8993288590604027,35.97315436241611,5.749651949731065,0.14433281799269812,5.520155694507843,5.997112480783454,1.0986083149922763
0.9060402684563759,36.241610738255034,5.894504608047922,0.1342398052500131,5.680700300793492,6.124359312100207,1.1078426516720101
0.912751677852349,36.51006711409396,5.986435544039946,0.13247913072845974,5.775498116331962,6.21332890025851,1.1165215969578268
0.9194630872483222,36.77852348993289,6.087350150389653,0.13059878915175283,5.8794716796619495,6.311078558609358,1.1246687287283006
0.9261744966442953,37.04697986577181,6.30715265636359,0.11688976153970122,6.120879382674506,6.507212816750587,1.1323076721164023
0.9328859060402684,37.31543624161074,6.3868728764287575,0.11563167958948259,6.20264129335122,6.58481131565404,1.139461963153515
0.9395973154362416,37.58389261744966,6.475390351399699,0.11426609991708338,6.293373545228199,6.67102462280105,1.1461549265660895
0.9463087248322147,37.85234899328859,6.572396328096997,0.11280611072388547,6.392745862752087,6.765565818703974,1.1524095674009018
0.9530201342281879,38.12080536912752,6.835867147975936,0.09645321217021015,6.682126127317735,7.00091996069577,1.158248476025954
0.959731543624161,38.38926174496644,6.912758670694296,0.09551792742040717,6.760529499219609,7.076229100867556,1.1636937459472128
0.9664429530201342,38.65771812080537,6.99792701771823,0.09450289972450318,6.847337894595522,7.159679553352392,1.168766903795775
0.9731543624161073,38.92617449664429,7.091110694023654,0.0934167598128092,6.942275719660528,7.2510242993552865,1.173488850774295
0.9798657718120806,39.19463087248322,7.398187114837581,0.07454647093079085,7.27934186449856,7.525733612688786,1.177879814804237
0.9865771812080537,39.46308724832215,7.472310051222982,0.07389529409211973,7.354513500834695,7.598751523385362,1.1819593125849135
0.9932885906040269,39.73154362416108,7.554219619266973,0.07318880883549043,7.437560525026001,7.679461938321401,1.1857461207597257
1.0,40.0,7.643694400052283,0.07243234222741382,7.528252871648567,7.767652420578436,1.1892582553825524
