resid,resname,hydrophobicity_kcalmol,s_mean_angstrom,s_std_angstrom,rho_mean_angstrom,rho_std_angstrom,pore_facing_fraction
1,ASP,1.23,0.0,0.0,0.0,0.0,1.0
2,ASP,1.23,1.0738255033557047,0.0,0.07382550335570315,0.0,1.0
3,ASP,1.23,1.8791946308724832,0.0,0.12080536912751683,0.0,1.0
4,ASP,1.23,2.953020134228188,0.0,0.046979865771810125,0.0,1.0
5,ASP,1.23,4.026845637583893,0.0,0.026845637583893023,0.0,1.0
6,ASP,1.23,5.100671140939597,0.0,0.10067114093959617,0.0,1.0
7,ASP,1.23,5.906040268456376,0.0,0.0939597315436238,0.0,1.0
8,ASP,1.23,6.97986577181208,0.0,0.020134228187920655,0.0,1.0
9,ASP,1.23,8.053691275167786,0.0,0.053691275167786046,0.0,1.0
10,ASP,1.23,9.12751677852349,0.0,0.1275167785234892,0.0,1.0
11,ASP,1.23,9.93288590604027,0.0,0.06711409395973078,0.0,1.0
12,ASP,1.23,11.006711409395972,0.0,0.0067114093959723675,0.0,1.0
13,ASP,1.23,12.080536912751677,0.0,0.08053691275167729,0.0,1.0
14,ASP,1.23,12.885906040268456,0.0,0.11409395973154446,0.0,1.0
15,LEU,-0.56,13.95973154362416,0.0,0.040268456375839534,0.0,1.0
16,LEU,-0.56,15.033557046979865,0.0,0.03355704697986539,0.0,1.0
17,LEU,-0.56,16.107382550335572,0.0,0.10738255033557209,0.0,1.0
18,LEU,-0.56,16.91275167785235,0.0,0.08724832214765144,0.0,1.0
19,LEU,-0.56,17.986577181208055,0.0,0.013422818791944735,0.0,1.0
20,LEU,-0.56,19.06040268456376,0.0,0.06040268456375841,0.0,1.0
21,LEU,-0.56,19.86577181208054,0.0,0.13422818791946156,0.0,1.0
22,LEU,-0.56,20.93959731543624,0.0,0.06040268456375841,0.0,1.0
23,LEU,-0.56,22.013422818791945,0.0,0.013422818791944735,0.0,1.0
24,LEU,-0.56,23.08724832214765,0.0,0.08724832214765144,0.0,1.0
25,LEU,-0.56,23.892617449664428,0.0,0.10738255033557209,0.0,1.0
26,LEU,-0.56,24.966442953020135,0.0,0.03355704697986539,0.0,1.0
27,LEU,-0.56,26.040268456375838,0.0,0.04026845637583776,0.0,1.0
28,ASP,1.23,27.114093959731544,0.0,0.11409395973154446,0.0,1.0
29,ASP,1.23,27.91946308724832,0.0,0.08053691275167907,0.0,1.0
30,ASP,1.23,28.993288590604028,0.0,0.0067114093959723675,0.0,1.0
31,ASP,1.23,30.06711409395973,0.0,0.06711409395973078,0.0,1.0
32,ASP,1.23,30.87248322147651,0.0,0.1275167785234892,0.0,1.0
33,ASP,1.23,31.946308724832214,0.0,0.053691275167786046,0.0,1.0
34,ASP,1.23,33.02013422818792,0.0,0.020134228187920655,0.0,1.0
35,ASP,1.23,34.09395973154363,0.0,0.09395973154362736,0.0,1.0
36,ASP,1.23,34.899328859060404,0.0,0.10067114093959617,0.0,1.0
37,ASP,1.23,35.97315436241611,0.0,0.02684563758388947,0.0,1.0
38,ASP,1.23,37.04697986577181,0.0,0.046979865771810125,0.0,1.0
39,ASP,1.23,38.12080536912752,0.0,0.12080536912751683,0.0,1.0
40,ASP,1.23,38.92617449664429,0.0,0.0738255033557067,0.0,1.0
41,ASP,1.23,40.0,0.0,0.0,0.0,1.0
